Datetime,Water Level (m)
2025-12-04 06:00:00,0.48560232
2025-12-04 07:00:00,0.6432797
2025-12-04 08:00:00,0.4630679
2025-12-04 09:00:00,0.2226969
2025-12-04 10:00:00,-0.012014721
2025-12-04 11:00:00,-0.24970925
2025-12-04 12:00:00,-0.48342875
2025-12-04 13:00:00,-0.7008828
2025-12-04 14:00:00,-0.86153746
2025-12-04 15:00:00,-0.7324124
2025-12-04 16:00:00,-0.40326056
2025-12-04 17:00:00,0.031337485
2025-12-04 18:00:00,0.49929363
2025-12-04 19:00:00,0.8594518
2025-12-04 20:00:00,0.942134
2025-12-04 21:00:00,0.6837114
2025-12-04 22:00:00,0.41391352
2025-12-04 23:00:00,0.15482903
2025-12-05 00:00:00,-0.109171875
2025-12-05 01:00:00,-0.35624698
2025-12-05 02:00:00,-0.5833499
2025-12-05 03:00:00,-0.73391837
2025-12-05 04:00:00,-0.5641627
2025-12-05 05:00:00,-0.2288674
2025-12-05 06:00:00,0.15450707
2025-12-05 07:00:00,0.49577558
2025-12-05 08:00:00,0.6095847
2025-12-05 09:00:00,0.39108768
2025-12-05 10:00:00,0.14577204
2025-12-05 11:00:00,-0.09184056
2025-12-05 12:00:00,-0.33083543
2025-12-05 13:00:00,-0.5624025
2025-12-05 14:00:00,-0.7732218
2025-12-05 15:00:00,-0.8879748
2025-12-05 16:00:00,-0.6829374
2025-12-05 17:00:00,-0.31883445
2025-12-05 18:00:00,0.13335803
2025-12-05 19:00:00,0.6049664
2025-12-05 20:00:00,0.94597703
2025-12-05 21:00:00,0.94251007
2025-12-05 22:00:00,0.6538624
2025-12-05 23:00:00,0.38508925
2025-12-06 00:00:00,0.11951036
2025-12-06 01:00:00,-0.14607012
2025-12-06 02:00:00,-0.3928482
2025-12-06 03:00:00,-0.61733824
2025-12-06 04:00:00,-0.73288035
2025-12-06 05:00:00,-0.51814634
2025-12-06 06:00:00,-0.16667363
2025-12-06 07:00:00,0.216834
2025-12-06 08:00:00,0.53334314
2025-12-06 09:00:00,0.57368046
2025-12-06 10:00:00,0.33454987
2025-12-06 11:00:00,0.09479658
2025-12-06 12:00:00,-0.14058168
2025-12-06 13:00:00,-0.37853596
2025-12-06 14:00:00,-0.6056223
2025-12-06 15:00:00,-0.80382675
2025-12-06 16:00:00,-0.8477219
2025-12-06 17:00:00,-0.5934909
2025-12-06 18:00:00,-0.20845713
2025-12-06 19:00:00,0.2502124
2025-12-06 20:00:00,0.7015562
2025-12-06 21:00:00,0.9887991
2025-12-06 22:00:00,0.88358146
2025-12-06 23:00:00,0.5941454
2025-12-07 00:00:00,0.32824993
2025-12-07 01:00:00,0.06198866
2025-12-07 02:00:00,-0.19819857
2025-12-07 03:00:00,-0.44363526
2025-12-07 04:00:00,-0.6573036
2025-12-07 05:00:00,-0.702562
2025-12-07 06:00:00,-0.4421862
2025-12-07 07:00:00,-0.08092872
2025-12-07 08:00:00,0.28856266
2025-12-07 09:00:00,0.54912156
2025-12-07 10:00:00,0.49201074
2025-12-07 11:00:00,0.25329852
2025-12-07 12:00:00,0.022077462
2025-12-07 13:00:00,-0.20814314
2025-12-07 14:00:00,-0.43947095
2025-12-07 15:00:00,-0.65401334
2025-12-07 16:00:00,-0.8270223
2025-12-07 17:00:00,-0.77785754
2025-12-07 18:00:00,-0.4909768
2025-12-07 19:00:00,-0.09447037
2025-12-07 20:00:00,0.36225036
2025-12-07 21:00:00,0.7735852
2025-12-07 22:00:00,0.96854633
2025-12-07 23:00:00,0.76589364
2025-12-08 00:00:00,0.48851997
2025-12-08 01:00:00,0.23062117
2025-12-08 02:00:00,-0.031429633
2025-12-08 03:00:00,-0.28261042
2025-12-08 04:00:00,-0.514879
2025-12-08 05:00:00,-0.6977177
2025-12-08 06:00:00,-0.63724416
2025-12-08 07:00:00,-0.35031423
2025-12-08 08:00:00,-0.0039350437
2025-12-08 09:00:00,0.33314064
2025-12-08 10:00:00,0.53197956
2025-12-08 11:00:00,0.42700833
2025-12-08 12:00:00,0.19606633
2025-12-08 13:00:00,-0.02768667
2025-12-08 14:00:00,-0.25193155
2025-12-08 15:00:00,-0.4721095
2025-12-08 16:00:00,-0.6740085
2025-12-08 17:00:00,-0.80896217
2025-12-08 18:00:00,-0.66094583
2025-12-08 19:00:00,-0.34567672
2025-12-08 20:00:00,0.050506327
2025-12-08 21:00:00,0.47713387
2025-12-08 22:00:00,0.81103146
2025-12-08 23:00:00,0.8766159
2025-12-09 00:00:00,0.62429756
2025-12-09 01:00:00,0.3690352
2025-12-09 02:00:00,0.12032484
2025-12-09 03:00:00,-0.13258299
2025-12-09 04:00:00,-0.37077624
2025-12-09 05:00:00,-0.583473
2025-12-09 06:00:00,-0.7182753
2025-12-09 07:00:00,-0.568815
2025-12-09 08:00:00,-0.27241388
2025-12-09 09:00:00,0.05387364
2025-12-09 10:00:00,0.3565781
2025-12-09 11:00:00,0.49946606
2025-12-09 12:00:00,0.35739586
2025-12-09 13:00:00,0.13563766
2025-12-09 14:00:00,-0.07666103
2025-12-09 15:00:00,-0.29016596
2025-12-09 16:00:00,-0.4995235
2025-12-09 17:00:00,-0.68205607
2025-12-09 18:00:00,-0.7561977
2025-12-09 19:00:00,-0.54418683
2025-12-09 20:00:00,-0.22318694
2025-12-09 21:00:00,0.15244547
2025-12-09 22:00:00,0.52418363
2025-12-09 23:00:00,0.76104504
2025-12-10 00:00:00,0.69315416
2025-12-10 01:00:00,0.4420121
2025-12-10 02:00:00,0.21062857
2025-12-10 03:00:00,-0.026880158
2025-12-10 04:00:00,-0.26254818
2025-12-10 05:00:00,-0.48157507
2025-12-10 06:00:00,-0.66941494
